,label,area,equivalent_diameter,mean_intensity,solidity
1,11,1730.0,46.932977876881324,253.9028901734104,0.8817533129459735
2,12,875.0,33.37790589062273,252.23657142857144,0.7932910244786945
